2016 rank,City,State[5],2016 estimate,2010 Census,Change,2016 land area,2016 population density,Location
1,New York[6],New York,"8,537,673","8,175,133",+4.43%,301.5 sq mi,780.9 km2,"28,317/sq mi","10,933/km2",40°39′49″N 73°56′19″W﻿ / ﻿40.6635°N 73.9387°W
2,Los Angeles,California,"3,976,322","3,792,621",+4.84%,468.7 sq mi,"1,213.9 km2","8,484/sq mi","3,276/km2",34°01′10″N 118°24′39″W﻿ / ﻿34.0194°N 118.4108°W
3,Chicago,Illinois,"2,704,958","2,695,598",+0.35%,227.3 sq mi,588.7 km2,"11,900/sq mi","4,600/km2",41°50′15″N 87°40′54″W﻿ / ﻿41.8376°N 87.6818°W
4,Houston[7],Texas,"2,303,482","2,100,263",+9.68%,637.5 sq mi,"1,651.1 km2","3,613/sq mi","1,395/km2",29°47′12″N 95°23′27″W﻿ / ﻿29.7866°N 95.3909°W
5,Phoenix,Arizona,"1,615,017","1,445,632",+11.72%,517.6 sq mi,"1,340.6 km2","3,120/sq mi","1,200/km2",33°34′20″N 112°05′24″W﻿ / ﻿33.5722°N 112.0901°W
6,Philadelphia[8],Pennsylvania,"1,567,872","1,526,006",+2.74%,134.2 sq mi,347.6 km2,"11,683/sq mi","4,511/km2",40°00′34″N 75°08′00″W﻿ / ﻿40.0094°N 75.1333°W
7,San Antonio,Texas,"1,492,510","1,327,407",+12.44%,461.0 sq mi,"1,194.0 km2","3,238/sq mi","1,250/km2",29°28′21″N 98°31′30″W﻿ / ﻿29.4724°N 98.5251°W
8,San Diego,California,"1,406,630","1,307,402",+7.59%,325.2 sq mi,842.3 km2,"4,325/sq mi","1,670/km2",32°48′55″N 117°08′06″W﻿ / ﻿32.8153°N 117.1350°W
9,Dallas,Texas,"1,317,929","1,197,816",+10.03%,340.9 sq mi,882.9 km2,"3,866/sq mi","1,493/km2",32°47′36″N 96°45′59″W﻿ / ﻿32.7933°N 96.7665°W
10,San Jose,California,"1,025,350","945,942",+8.39%,177.5 sq mi,459.7 km2,"5,777/sq mi","2,231/km2",37°17′48″N 121°49′08″W﻿ / ﻿37.2967°N 121.8189°W
11,Austin,Texas,"947,890","790,390",+19.93%,312.7 sq mi,809.9 km2,"3,031/sq mi","1,170/km2",30°18′14″N 97°45′16″W﻿ / ﻿30.3039°N 97.7544°W
12,Jacksonville[9],Florida,"880,619","821,784",+7.16%,747.4 sq mi,"1,935.8 km2","1,178/sq mi",455/km2,30°20′13″N 81°39′42″W﻿ / ﻿30.3369°N 81.6616°W
13,San Francisco[10],California,"870,887","805,235",+8.15%,46.9 sq mi,121.5 km2,"18,569/sq mi","7,170/km2",37°43′38″N 123°01′56″W﻿ / ﻿37.7272°N 123.0322°W
14,Columbus,Ohio,"860,090","787,033",+9.28%,218.5 sq mi,565.9 km2,"3,936/sq mi","1,520/km2",39°59′07″N 82°59′05″W﻿ / ﻿39.9852°N 82.9848°W
15,Indianapolis[11],Indiana,"855,164","820,445",+4.23%,361.5 sq mi,936.3 km2,"2,366/sq mi",914/km2,39°46′36″N 86°08′45″W﻿ / ﻿39.7767°N 86.1459°W
16,Fort Worth,Texas,"854,113","741,206",+15.23%,342.9 sq mi,888.1 km2,"2,491/sq mi",962/km2,32°46′53″N 97°20′48″W﻿ / ﻿32.7815°N 97.3467°W
17,Charlotte,North Carolina,"842,051","731,424",+15.12%,305.4 sq mi,791.0 km2,"2,757/sq mi","1,064/km2",35°12′28″N 80°49′52″W﻿ / ﻿35.2078°N 80.8310°W
18,Seattle,Washington,"704,352","608,660",+15.72%,83.8 sq mi,217.0 km2,"8,405/sq mi","3,245/km2",47°37′14″N 122°21′03″W﻿ / ﻿47.6205°N 122.3509°W
19,Denver[12],Colorado,"693,060","600,158",+15.48%,153.3 sq mi,397.0 km2,"4,521/sq mi","1,746/km2",39°45′43″N 104°52′52″W﻿ / ﻿39.7619°N 104.8811°W
20,El Paso,Texas,"683,080","649,121",+5.23%,256.8 sq mi,665.1 km2,"2,660/sq mi","1,030/km2",31°50′54″N 106°25′37″W﻿ / ﻿31.8484°N 106.4270°W
21,Washington[13],District of Columbia,"681,170","601,723",+13.20%,61.1 sq mi,158.2 km2,"11,148/sq mi","4,304/km2",38°54′15″N 77°01′02″W﻿ / ﻿38.9041°N 77.0172°W
22,Boston,Massachusetts,"673,184","617,594",+9.00%,48.3 sq mi,125.1 km2,"13,938/sq mi","5,381/km2",42°19′55″N 71°01′13″W﻿ / ﻿42.3320°N 71.0202°W
23,Detroit,Michigan,"672,795","713,777",−5.74%,138.8 sq mi,359.5 km2,"4,847/sq mi","1,871/km2",42°22′59″N 83°06′08″W﻿ / ﻿42.3830°N 83.1022°W
24,Nashville[14],Tennessee,"660,388","601,222",+9.84%,475.9 sq mi,"1,232.6 km2","1,388/sq mi",536/km2,36°10′18″N 86°47′06″W﻿ / ﻿36.1718°N 86.7850°W
25,Memphis,Tennessee,"652,717","646,889",+0.90%,317.4 sq mi,822.1 km2,"2,056/sq mi",794/km2,35°06′10″N 89°58′39″W﻿ / ﻿35.1028°N 89.9774°W
26,Portland,Oregon,"639,863","583,776",+9.61%,133.5 sq mi,345.8 km2,"4,793/sq mi","1,851/km2",45°32′13″N 122°39′00″W﻿ / ﻿45.5370°N 122.6500°W
27,Oklahoma City,Oklahoma,"638,367","579,999",+10.06%,606.3 sq mi,"1,570.3 km2","1,053/sq mi",407/km2,35°28′02″N 97°30′49″W﻿ / ﻿35.4671°N 97.5137°W
28,Las Vegas,Nevada,"632,912","583,756",+8.42%,134.4 sq mi,348.1 km2,"4,709/sq mi","1,818/km2",36°13′45″N 115°15′36″W﻿ / ﻿36.2292°N 115.2601°W
29,Louisville[15],Kentucky,"616,261","597,337",+3.17%,263.5 sq mi,682.5 km2,"2,339/sq mi",903/km2,38°09′55″N 85°38′51″W﻿ / ﻿38.1654°N 85.6474°W
30,Baltimore[16],Maryland,"614,664","620,961",−1.01%,80.9 sq mi,209.5 km2,"7,598/sq mi","2,934/km2",39°18′00″N 76°36′38″W﻿ / ﻿39.3000°N 76.6105°W
31,Milwaukee,Wisconsin,"595,047","594,833",+0.04%,96.2 sq mi,249.2 km2,"6,186/sq mi","2,388/km2",43°03′48″N 87°58′00″W﻿ / ﻿43.0633°N 87.9667°W
32,Albuquerque,New Mexico,"559,277","545,852",+2.46%,188.2 sq mi,487.4 km2,"2,972/sq mi","1,147/km2",35°06′20″N 106°38′51″W﻿ / ﻿35.1056°N 106.6474°W
33,Tucson,Arizona,"530,706","520,116",+2.04%,230.8 sq mi,597.8 km2,"2,299/sq mi",888/km2,32°09′11″N 110°52′14″W﻿ / ﻿32.1531°N 110.8706°W
34,Fresno,California,"522,053","494,665",+5.54%,114.4 sq mi,296.3 km2,"4,563/sq mi","1,762/km2",36°47′01″N 119°47′36″W﻿ / ﻿36.7836°N 119.7934°W
35,Sacramento,California,"495,234","466,488",+6.16%,97.9 sq mi,253.6 km2,"5,059/sq mi","1,953/km2",38°34′00″N 121°28′07″W﻿ / ﻿38.5666°N 121.4686°W
36,Mesa,Arizona,"484,587","439,041",+10.37%,137.9 sq mi,357.2 km2,"3,514/sq mi","1,357/km2",33°24′07″N 111°43′03″W﻿ / ﻿33.4019°N 111.7174°W
37,Kansas City,Missouri,"481,420","459,787",+4.71%,315.0 sq mi,815.8 km2,"1,528/sq mi",590/km2,39°07′30″N 94°33′04″W﻿ / ﻿39.1251°N 94.5510°W
38,Atlanta,Georgia,"472,522","420,003",+12.50%,133.5 sq mi,345.8 km2,"3,539/sq mi","1,366/km2",33°45′46″N 84°25′22″W﻿ / ﻿33.7629°N 84.4227°W
39,Long Beach,California,"470,130","462,257",+1.70%,50.3 sq mi,130.3 km2,"9,347/sq mi","3,609/km2",33°48′33″N 118°09′19″W﻿ / ﻿33.8092°N 118.1553°W
40,Colorado Springs,Colorado,"465,101","416,427",+11.69%,195.6 sq mi,506.6 km2,"2,378/sq mi",918/km2,38°52′02″N 104°45′39″W﻿ / ﻿38.8673°N 104.7607°W
41,Raleigh,North Carolina,"458,880","403,892",+13.61%,145.1 sq mi,375.8 km2,"3,163/sq mi","1,221/km2",35°49′50″N 78°38′30″W﻿ / ﻿35.8306°N 78.6418°W
42,Miami,Florida,"453,579","399,457",+13.55%,36.0 sq mi,93.2 km2,"12,599/sq mi","4,865/km2",25°46′31″N 80°12′31″W﻿ / ﻿25.7752°N 80.2086°W
43,Virginia Beach[16],Virginia,"452,602","437,994",+3.34%,244.7 sq mi,633.8 km2,"1,850/sq mi",710/km2,36°46′48″N 76°01′31″W﻿ / ﻿36.7800°N 76.0252°W
44,Omaha,Nebraska,"446,970","408,958",+9.29%,133.2 sq mi,345.0 km2,"3,356/sq mi","1,296/km2",41°15′52″N 96°02′42″W﻿ / ﻿41.2644°N 96.0451°W
45,Oakland,California,"420,005","390,724",+7.49%,55.9 sq mi,144.8 km2,"7,514/sq mi","2,901/km2",37°46′11″N 122°13′33″W﻿ / ﻿37.7698°N 122.2257°W
46,Minneapolis,Minnesota,"413,651","382,578",+8.12%,54.0 sq mi,139.9 km2,"7,660/sq mi","2,960/km2",44°57′48″N 93°16′06″W﻿ / ﻿44.9633°N 93.2683°W
47,Tulsa,Oklahoma,"403,090","391,906",+2.85%,196.8 sq mi,509.7 km2,"2,048/sq mi",791/km2,36°07′40″N 95°54′08″W﻿ / ﻿36.1279°N 95.9023°W
48,Arlington,Texas,"392,772","365,438",+7.48%,95.8 sq mi,248.1 km2,"4,100/sq mi","1,600/km2",32°42′03″N 97°07′29″W﻿ / ﻿32.7007°N 97.1247°W
49,New Orleans[17],Louisiana,"391,495","343,829",+13.86%,169.4 sq mi,438.7 km2,"2,311/sq mi",892/km2,30°03′12″N 89°56′04″W﻿ / ﻿30.0534°N 89.9345°W
50,Wichita,Kansas,"389,902","382,368",+1.97%,160.4 sq mi,415.4 km2,"2,431/sq mi",939/km2,37°41′27″N 97°20′45″W﻿ / ﻿37.6907°N 97.3459°W
51,Cleveland,Ohio,"385,809","396,815",−2.77%,77.7 sq mi,201.2 km2,"4,965/sq mi","1,917/km2",41°28′43″N 81°40′46″W﻿ / ﻿41.4785°N 81.6794°W
52,Tampa,Florida,"377,165","335,709",+12.35%,113.4 sq mi,293.7 km2,"3,326/sq mi","1,284/km2",27°58′12″N 82°28′47″W﻿ / ﻿27.9701°N 82.4797°W
53,Bakersfield,California,"376,380","347,483",+8.32%,148.8 sq mi,385.4 km2,"2,529/sq mi",976/km2,35°19′16″N 119°01′06″W﻿ / ﻿35.3212°N 119.0183°W
54,Aurora,Colorado,"361,710","325,078",+11.27%,153.5 sq mi,397.6 km2,"2,356/sq mi",910/km2,39°41′17″N 104°41′23″W﻿ / ﻿39.6880°N 104.6897°W
55,Honolulu[2],Hawaii,"351,792","337,256",+4.31%,60.5 sq mi,156.7 km2,"5,815/sq mi","2,245/km2",21°19′27″N 157°50′51″W﻿ / ﻿21.3243°N 157.8476°W
56,Anaheim,California,"351,043","336,265",+4.39%,50.0 sq mi,129.5 km2,"7,021/sq mi","2,711/km2",33°51′20″N 117°45′36″W﻿ / ﻿33.8555°N 117.7601°W
57,Santa Ana,California,"334,217","324,528",+2.99%,27.1 sq mi,70.2 km2,"12,333/sq mi","4,762/km2",33°44′11″N 117°52′59″W﻿ / ﻿33.7363°N 117.8830°W
58,Corpus Christi,Texas,"325,733","305,215",+6.72%,174.6 sq mi,452.2 km2,"1,866/sq mi",720/km2,27°45′15″N 97°10′24″W﻿ / ﻿27.7543°N 97.1734°W
59,Riverside,California,"324,722","303,871",+6.86%,81.2 sq mi,210.3 km2,"3,999/sq mi","1,544/km2",33°56′17″N 117°23′36″W﻿ / ﻿33.9381°N 117.3932°W
60,Lexington[18],Kentucky,"318,449","295,803",+7.66%,283.6 sq mi,734.5 km2,"1,123/sq mi",434/km2,38°02′27″N 84°27′30″W﻿ / ﻿38.0407°N 84.4583°W
61,St. Louis[16],Missouri,"311,404","319,294",−2.47%,62.0 sq mi,160.6 km2,"5,023/sq mi","1,939/km2",38°38′09″N 90°14′41″W﻿ / ﻿38.6357°N 90.2446°W
62,Stockton,California,"307,072","291,707",+5.27%,61.7 sq mi,159.8 km2,"4,977/sq mi","1,922/km2",37°58′35″N 121°18′48″W﻿ / ﻿37.9763°N 121.3133°W
63,Pittsburgh,Pennsylvania,"303,625","305,704",−0.68%,55.4 sq mi,143.5 km2,"5,481/sq mi","2,116/km2",40°26′23″N 79°58′36″W﻿ / ﻿40.4398°N 79.9766°W
64,Saint Paul,Minnesota,"302,398","285,068",+6.08%,52.0 sq mi,134.7 km2,"5,815/sq mi","2,245/km2",44°56′56″N 93°06′15″W﻿ / ﻿44.9489°N 93.1041°W
65,Cincinnati,Ohio,"298,800","296,943",+0.63%,77.4 sq mi,200.5 km2,"3,860/sq mi","1,490/km2",39°08′25″N 84°30′21″W﻿ / ﻿39.1402°N 84.5058°W
66,Anchorage[19],Alaska,"298,192","291,826",+2.18%,"1,706.6 sq mi","4,420.1 km2",175/sq mi,68/km2,61°10′27″N 149°17′03″W﻿ / ﻿61.1743°N 149.2843°W
67,Henderson,Nevada,"292,969","257,729",+13.67%,104.7 sq mi,271.2 km2,"2,798/sq mi","1,080/km2",36°00′35″N 115°02′09″W﻿ / ﻿36.0097°N 115.0357°W
68,Greensboro,North Carolina,"287,027","269,666",+6.44%,128.3 sq mi,332.3 km2,"2,237/sq mi",864/km2,36°05′42″N 79°49′37″W﻿ / ﻿36.0951°N 79.8270°W
69,Plano,Texas,"286,057","259,841",+10.09%,71.7 sq mi,185.7 km2,"3,990/sq mi","1,540/km2",33°03′03″N 96°44′52″W﻿ / ﻿33.0508°N 96.7479°W
70,Newark,New Jersey,"281,764","277,140",+1.67%,24.1 sq mi,62.4 km2,"11,691/sq mi","4,514/km2",40°43′27″N 74°10′21″W﻿ / ﻿40.7242°N 74.1726°W
71,Lincoln,Nebraska,"280,364","258,379",+8.51%,92.1 sq mi,238.5 km2,"3,044/sq mi","1,175/km2",40°48′38″N 96°40′49″W﻿ / ﻿40.8105°N 96.6803°W
72,Toledo,Ohio,"278,508","287,208",−3.03%,80.7 sq mi,209.0 km2,"3,451/sq mi","1,332/km2",41°39′51″N 83°34′55″W﻿ / ﻿41.6641°N 83.5819°W
73,Orlando,Florida,"277,173","238,300",+16.31%,105.2 sq mi,272.5 km2,"2,635/sq mi","1,017/km2",28°25′00″N 81°16′25″W﻿ / ﻿28.4166°N 81.2736°W
74,Chula Vista,California,"267,172","243,916",+9.53%,49.6 sq mi,128.5 km2,"5,387/sq mi","2,080/km2",32°37′40″N 117°00′55″W﻿ / ﻿32.6277°N 117.0152°W
75,Irvine,California,"266,122","212,375",+25.31%,65.6 sq mi,169.9 km2,"4,057/sq mi","1,566/km2",33°40′42″N 117°46′17″W﻿ / ﻿33.6784°N 117.7713°W
76,Fort Wayne,Indiana,"264,488","253,691",+4.26%,110.6 sq mi,286.5 km2,"2,391/sq mi",923/km2,41°05′18″N 85°08′38″W﻿ / ﻿41.0882°N 85.1439°W
77,Jersey City,New Jersey,"264,152","247,597",+6.69%,14.8 sq mi,38.3 km2,"17,848/sq mi","6,891/km2",40°42′41″N 74°03′53″W﻿ / ﻿40.7114°N 74.0648°W
78,Durham,North Carolina,"263,016","228,330",+15.19%,109.8 sq mi,284.4 km2,"2,395/sq mi",925/km2,35°58′52″N 78°54′10″W﻿ / ﻿35.9811°N 78.9029°W
79,St. Petersburg,Florida,"260,999","244,769",+6.63%,61.8 sq mi,160.1 km2,"4,223/sq mi","1,631/km2",27°45′43″N 82°38′39″W﻿ / ﻿27.7620°N 82.6441°W
80,Laredo,Texas,"257,156","236,091",+8.92%,101.1 sq mi,261.8 km2,"2,544/sq mi",982/km2,27°33′37″N 99°29′21″W﻿ / ﻿27.5604°N 99.4892°W
81,Buffalo,New York,"256,902","261,310",−1.69%,40.4 sq mi,104.6 km2,"6,359/sq mi","2,455/km2",42°53′33″N 78°51′35″W﻿ / ﻿42.8925°N 78.8597°W
82,Madison,Wisconsin,"252,551","233,209",+8.29%,77.0 sq mi,199.4 km2,"3,280/sq mi","1,270/km2",43°05′16″N 89°25′48″W﻿ / ﻿43.0878°N 89.4299°W
83,Lubbock,Texas,"252,506","229,573",+9.99%,124.6 sq mi,322.7 km2,"2,027/sq mi",783/km2,33°33′56″N 101°53′12″W﻿ / ﻿33.5656°N 101.8867°W
84,Chandler,Arizona,"247,477","236,123",+4.81%,64.9 sq mi,168.1 km2,"3,813/sq mi","1,472/km2",33°16′58″N 111°51′18″W﻿ / ﻿33.2829°N 111.8549°W
85,Scottsdale,Arizona,"246,645","217,385",+13.46%,183.9 sq mi,476.3 km2,"1,341/sq mi",518/km2,33°41′03″N 111°51′40″W﻿ / ﻿33.6843°N 111.8611°W
86,Glendale,Arizona,"245,895","226,721",+8.46%,59.1 sq mi,153.1 km2,"4,161/sq mi","1,607/km2",33°31′59″N 112°11′24″W﻿ / ﻿33.5331°N 112.1899°W
87,Reno,Nevada,"245,255","225,221",+8.90%,107.3 sq mi,277.9 km2,"2,286/sq mi",883/km2,39°32′57″N 119°51′00″W﻿ / ﻿39.5491°N 119.8499°W
88,Norfolk[16],Virginia,"245,115","242,803",+0.95%,53.3 sq mi,138.0 km2,"4,599/sq mi","1,776/km2",36°55′23″N 76°14′41″W﻿ / ﻿36.9230°N 76.2446°W
89,Winston–Salem,North Carolina,"242,203","229,617",+5.48%,132.5 sq mi,343.2 km2,"1,828/sq mi",706/km2,36°06′10″N 80°15′40″W﻿ / ﻿36.1027°N 80.2610°W
90,North Las Vegas,Nevada,"238,702","216,961",+10.02%,98.0 sq mi,253.8 km2,"2,436/sq mi",941/km2,36°17′09″N 115°05′38″W﻿ / ﻿36.2857°N 115.0939°W
91,Irving,Texas,"238,289","216,290",+10.17%,67.0 sq mi,173.5 km2,"3,557/sq mi","1,373/km2",32°51′28″N 96°58′12″W﻿ / ﻿32.8577°N 96.9700°W
92,Chesapeake[16],Virginia,"237,940","222,209",+7.08%,338.5 sq mi,876.7 km2,703/sq mi,271/km2,36°40′46″N 76°18′06″W﻿ / ﻿36.6794°N 76.3018°W
93,Gilbert[20],Arizona,"237,133","208,453",+13.76%,68.0 sq mi,176.1 km2,"3,487/sq mi","1,346/km2",33°18′37″N 111°44′35″W﻿ / ﻿33.3103°N 111.7431°W
94,Hialeah,Florida,"236,387","224,669",+5.22%,21.5 sq mi,55.7 km2,"10,995/sq mi","4,245/km2",25°52′12″N 80°18′10″W﻿ / ﻿25.8699°N 80.3029°W
95,Garland,Texas,"234,943","226,876",+3.56%,57.0 sq mi,147.6 km2,"4,122/sq mi","1,592/km2",32°54′35″N 96°37′49″W﻿ / ﻿32.9098°N 96.6303°W
96,Fremont,California,"233,136","214,089",+8.90%,77.5 sq mi,200.7 km2,"3,008/sq mi","1,161/km2",37°29′40″N 121°56′28″W﻿ / ﻿37.4945°N 121.9412°W
97,Baton Rouge[21],Louisiana,"227,715","229,493",−0.77%,85.9 sq mi,222.5 km2,"2,651/sq mi","1,024/km2",30°26′32″N 91°07′51″W﻿ / ﻿30.4422°N 91.1309°W
98,Richmond[16],Virginia,"223,170","204,214",+9.28%,59.8 sq mi,154.9 km2,"3,732/sq mi","1,441/km2",37°31′53″N 77°28′34″W﻿ / ﻿37.5314°N 77.4760°W
99,Boise[22],Idaho,"223,154","205,671",+8.50%,82.1 sq mi,212.6 km2,"2,718/sq mi","1,049/km2",43°36′01″N 116°13′54″W﻿ / ﻿43.6002°N 116.2317°W
100,San Bernardino,California,"216,239","209,924",+3.01%,61.5 sq mi,159.3 km2,"3,516/sq mi","1,358/km2",34°08′30″N 117°17′37″W﻿ / ﻿34.1416°N 117.2936°W
101,Spokane,Washington,"215,973","208,916",+3.38%,68.7 sq mi,177.9 km2,"3,144/sq mi","1,214/km2",47°40′01″N 117°26′00″W﻿ / ﻿47.6669°N 117.4333°W
102,Des Moines,Iowa,"215,472","203,433",+5.92%,88.9 sq mi,230.2 km2,"2,424/sq mi",936/km2,41°34′21″N 93°36′37″W﻿ / ﻿41.5726°N 93.6102°W
103,Modesto,California,"212,175","201,165",+5.47%,43.0 sq mi,111.4 km2,"4,934/sq mi","1,905/km2",37°38′15″N 121°00′11″W﻿ / ﻿37.6375°N 121.0030°W
104,Birmingham,Alabama,"212,157","212,237",−0.04%,146.1 sq mi,378.4 km2,"1,452/sq mi",561/km2,33°31′39″N 86°47′56″W﻿ / ﻿33.5274°N 86.7990°W
105,Tacoma,Washington,"211,277","198,397",+6.49%,49.7 sq mi,128.7 km2,"4,251/sq mi","1,641/km2",47°15′08″N 122°27′35″W﻿ / ﻿47.2522°N 122.4598°W
106,Fontana,California,"209,665","196,069",+6.93%,43.0 sq mi,111.4 km2,"4,876/sq mi","1,883/km2",34°06′32″N 117°27′46″W﻿ / ﻿34.1090°N 117.4629°W
107,Rochester,New York,"208,880","210,565",−0.80%,35.8 sq mi,92.7 km2,"5,835/sq mi","2,253/km2",43°10′12″N 77°37′01″W﻿ / ﻿43.1699°N 77.6169°W
108,Oxnard,California,"207,906","197,899",+5.06%,26.9 sq mi,69.7 km2,"7,729/sq mi","2,984/km2",34°12′08″N 119°12′17″W﻿ / ﻿34.2023°N 119.2046°W
109,Moreno Valley,California,"205,499","193,365",+6.28%,51.3 sq mi,132.9 km2,"4,006/sq mi","1,547/km2",33°55′24″N 117°12′21″W﻿ / ﻿33.9233°N 117.2057°W
110,Fayetteville,North Carolina,"204,759","200,564",+2.09%,147.7 sq mi,382.5 km2,"1,386/sq mi",535/km2,35°04′58″N 78°58′25″W﻿ / ﻿35.0828°N 78.9735°W
111,Aurora,Illinois,"201,110","197,899",+1.62%,44.9 sq mi,116.3 km2,"4,479/sq mi","1,729/km2",41°45′49″N 88°17′24″W﻿ / ﻿41.7635°N 88.2901°W
112,Glendale,California,"200,831","191,719",+4.75%,30.4 sq mi,78.7 km2,"6,606/sq mi","2,551/km2",34°10′53″N 118°14′45″W﻿ / ﻿34.1814°N 118.2458°W
113,Yonkers,New York,"200,807","195,976",+2.47%,18.0 sq mi,46.6 km2,"11,156/sq mi","4,307/km2",40°56′45″N 73°52′03″W﻿ / ﻿40.9459°N 73.8674°W
114,Huntington Beach,California,"200,652","189,992",+5.61%,26.9 sq mi,69.7 km2,"7,459/sq mi","2,880/km2",33°41′26″N 118°00′33″W﻿ / ﻿33.6906°N 118.0093°W
115,Montgomery,Alabama,"200,022","205,764",−2.79%,159.8 sq mi,413.9 km2,"1,252/sq mi",483/km2,32°20′50″N 86°15′58″W﻿ / ﻿32.3472°N 86.2661°W
116,Amarillo,Texas,"199,582","190,695",+4.66%,101.4 sq mi,262.6 km2,"1,968/sq mi",760/km2,35°12′00″N 101°49′49″W﻿ / ﻿35.1999°N 101.8302°W
117,Little Rock,Arkansas,"198,541","193,524",+2.59%,118.7 sq mi,307.4 km2,"1,673/sq mi",646/km2,34°43′31″N 92°21′31″W﻿ / ﻿34.7254°N 92.3586°W
118,Akron,Ohio,"197,633","199,110",−0.74%,62.0 sq mi,160.6 km2,"3,188/sq mi","1,231/km2",41°04′50″N 81°31′17″W﻿ / ﻿41.0805°N 81.5214°W
119,Columbus[23],Georgia,"197,485","189,885",+4.00%,216.4 sq mi,560.5 km2,913/sq mi,353/km2,32°30′37″N 84°52′30″W﻿ / ﻿32.5102°N 84.8749°W
120,Augusta[24],Georgia,"197,081","195,844",+0.63%,302.5 sq mi,783.5 km2,652/sq mi,252/km2,33°21′56″N 82°04′24″W﻿ / ﻿33.3655°N 82.0734°W
121,Grand Rapids,Michigan,"196,445","188,040",+4.47%,44.4 sq mi,115.0 km2,"4,424/sq mi","1,708/km2",42°57′40″N 85°39′20″W﻿ / ﻿42.9612°N 85.6556°W
122,Shreveport,Louisiana,"194,920","199,311",−2.20%,107.1 sq mi,277.4 km2,"1,820/sq mi",700/km2,32°28′01″N 93°47′32″W﻿ / ﻿32.4669°N 93.7922°W
123,Salt Lake City,Utah,"193,744","186,440",+3.92%,111.2 sq mi,288.0 km2,"1,742/sq mi",673/km2,40°46′37″N 111°55′52″W﻿ / ﻿40.7769°N 111.9310°W
124,Huntsville,Alabama,"193,079","180,105",+7.20%,213.4 sq mi,552.7 km2,905/sq mi,349/km2,34°41′56″N 86°40′23″W﻿ / ﻿34.6990°N 86.6730°W
125,Mobile,Alabama,"192,904","195,111",−1.13%,139.4 sq mi,361.0 km2,"1,384/sq mi",534/km2,30°40′06″N 88°06′01″W﻿ / ﻿30.6684°N 88.1002°W
126,Tallahassee,Florida,"190,894","181,376",+5.25%,100.4 sq mi,260.0 km2,"1,901/sq mi",734/km2,30°27′18″N 84°15′12″W﻿ / ﻿30.4551°N 84.2534°W
127,Grand Prairie,Texas,"190,682","175,396",+8.72%,72.3 sq mi,187.3 km2,"2,637/sq mi","1,018/km2",32°41′13″N 97°01′16″W﻿ / ﻿32.6869°N 97.0211°W
128,Overland Park,Kansas,"188,966","173,372",+8.99%,75.1 sq mi,194.5 km2,"2,516/sq mi",971/km2,38°53′20″N 94°41′26″W﻿ / ﻿38.8890°N 94.6906°W
129,Knoxville,Tennessee,"186,239","178,874",+4.12%,98.5 sq mi,255.1 km2,"1,891/sq mi",730/km2,35°58′15″N 83°56′57″W﻿ / ﻿35.9707°N 83.9493°W
130,Port St. Lucie,Florida,"185,132","164,603",+12.47%,118.9 sq mi,307.9 km2,"1,557/sq mi",601/km2,27°16′50″N 80°23′18″W﻿ / ﻿27.2806°N 80.3883°W
131,Worcester,Massachusetts,"184,508","181,045",+1.91%,37.4 sq mi,96.9 km2,"4,933/sq mi","1,905/km2",42°16′10″N 71°48′28″W﻿ / ﻿42.2695°N 71.8078°W
132,Brownsville,Texas,"183,823","175,023",+5.03%,132.5 sq mi,343.2 km2,"1,387/sq mi",536/km2,25°59′57″N 97°27′18″W﻿ / ﻿25.9991°N 97.4550°W
133,Tempe,Arizona,"182,498","161,719",+12.85%,40.0 sq mi,103.6 km2,"4,562/sq mi","1,761/km2",33°23′18″N 111°55′54″W﻿ / ﻿33.3884°N 111.9318°W
134,Santa Clarita,California,"181,972","176,320",+3.21%,52.8 sq mi,136.8 km2,"3,446/sq mi","1,331/km2",34°24′11″N 118°30′15″W﻿ / ﻿34.4030°N 118.5042°W
135,Newport News[16],Virginia,"181,825","180,719",+0.61%,69.1 sq mi,179.0 km2,"2,631/sq mi","1,016/km2",37°04′34″N 76°31′19″W﻿ / ﻿37.0762°N 76.5220°W
136,Cape Coral,Florida,"179,804","154,305",+16.53%,105.6 sq mi,273.5 km2,"1,703/sq mi",658/km2,26°38′36″N 81°59′51″W﻿ / ﻿26.6432°N 81.9974°W
137,Providence,Rhode Island,"179,219","178,042",+0.66%,18.4 sq mi,47.7 km2,"9,740/sq mi","3,760/km2",41°49′23″N 71°25′08″W﻿ / ﻿41.8231°N 71.4188°W
138,Fort Lauderdale,Florida,"178,752","165,521",+7.99%,34.6 sq mi,89.6 km2,"5,166/sq mi","1,995/km2",26°08′28″N 80°08′48″W﻿ / ﻿26.1412°N 80.1467°W
139,Chattanooga,Tennessee,"177,571","167,674",+5.90%,143.1 sq mi,370.6 km2,"1,241/sq mi",479/km2,35°03′58″N 85°14′54″W﻿ / ﻿35.0660°N 85.2484°W
140,Rancho Cucamonga,California,"176,534","165,269",+6.82%,40.0 sq mi,103.6 km2,"4,413/sq mi","1,704/km2",34°07′24″N 117°33′51″W﻿ / ﻿34.1233°N 117.5642°W
141,Oceanside,California,"175,464","167,086",+5.01%,41.3 sq mi,107.0 km2,"4,249/sq mi","1,641/km2",33°13′28″N 117°18′22″W﻿ / ﻿33.2245°N 117.3062°W
142,Santa Rosa,California,"175,155","167,815",+4.37%,41.3 sq mi,107.0 km2,"4,241/sq mi","1,637/km2",38°26′48″N 122°42′22″W﻿ / ﻿38.4468°N 122.7061°W
143,Garden Grove,California,"174,858","170,883",+2.33%,18.0 sq mi,46.6 km2,"9,714/sq mi","3,751/km2",33°46′44″N 117°57′38″W﻿ / ﻿33.7788°N 117.9605°W
144,Vancouver,Washington,"174,826","161,791",+8.06%,46.9 sq mi,121.5 km2,"3,728/sq mi","1,439/km2",45°38′06″N 122°35′45″W﻿ / ﻿45.6349°N 122.5957°W
145,Sioux Falls,South Dakota,"174,360","153,888",+13.30%,75.4 sq mi,195.3 km2,"2,312/sq mi",893/km2,43°32′18″N 96°43′55″W﻿ / ﻿43.5383°N 96.7320°W
146,Ontario,California,"173,212","163,924",+5.67%,49.9 sq mi,129.2 km2,"3,471/sq mi","1,340/km2",34°02′22″N 117°36′15″W﻿ / ﻿34.0394°N 117.6042°W
147,McKinney,Texas,"172,298","131,117",+31.41%,63.0 sq mi,163.2 km2,"2,735/sq mi","1,056/km2",33°11′55″N 96°40′05″W﻿ / ﻿33.1985°N 96.6680°W
148,Elk Grove,California,"169,743","153,015",+10.93%,42.2 sq mi,109.3 km2,"4,022/sq mi","1,553/km2",38°24′53″N 121°23′06″W﻿ / ﻿38.4146°N 121.3850°W
149,Jackson,Mississippi,"169,148","173,514",−2.52%,111.0 sq mi,287.5 km2,"1,524/sq mi",588/km2,32°18′57″N 90°12′46″W﻿ / ﻿32.3158°N 90.2128°W
150,Pembroke Pines,Florida,"168,587","154,019",+9.46%,33.0 sq mi,85.5 km2,"5,109/sq mi","1,973/km2",26°01′16″N 80°20′25″W﻿ / ﻿26.0210°N 80.3404°W
151,Salem,Oregon,"167,419","154,637",+8.27%,48.6 sq mi,125.9 km2,"3,445/sq mi","1,330/km2",44°55′25″N 123°01′24″W﻿ / ﻿44.9237°N 123.0232°W
152,Springfield,Missouri,"167,319","159,498",+4.90%,82.3 sq mi,213.2 km2,"2,033/sq mi",785/km2,37°11′39″N 93°17′29″W﻿ / ﻿37.1942°N 93.2913°W
153,Corona,California,"166,785","152,374",+9.46%,39.5 sq mi,102.3 km2,"4,222/sq mi","1,630/km2",33°51′43″N 117°33′56″W﻿ / ﻿33.8620°N 117.5655°W
154,Eugene,Oregon,"166,575","156,185",+6.65%,44.1 sq mi,114.2 km2,"3,777/sq mi","1,458/km2",44°03′24″N 123°06′58″W﻿ / ﻿44.0567°N 123.1162°W
155,Fort Collins,Colorado,"164,207","143,986",+14.04%,55.8 sq mi,144.5 km2,"2,943/sq mi","1,136/km2",40°32′54″N 105°03′53″W﻿ / ﻿40.5482°N 105.0648°W
156,Peoria,Arizona,"164,173","154,065",+6.56%,175.7 sq mi,455.1 km2,934/sq mi,361/km2,33°47′10″N 112°18′29″W﻿ / ﻿33.7862°N 112.3080°W
157,Frisco,Texas,"163,656","116,989",+39.89%,67.7 sq mi,175.3 km2,"2,417/sq mi",933/km2,33°09′19″N 96°49′21″W﻿ / ﻿33.1554°N 96.8226°W
158,Cary[25],North Carolina,"162,320","135,234",+20.03%,56.5 sq mi,146.3 km2,"2,873/sq mi","1,109/km2",35°46′51″N 78°48′48″W﻿ / ﻿35.7809°N 78.8133°W
159,Lancaster,California,"160,106","156,633",+2.22%,94.3 sq mi,244.2 km2,"1,698/sq mi",656/km2,34°41′37″N 118°10′31″W﻿ / ﻿34.6936°N 118.1753°W
160,Hayward,California,"158,937","144,186",+10.23%,45.5 sq mi,117.8 km2,"3,493/sq mi","1,349/km2",37°37′43″N 122°06′09″W﻿ / ﻿37.6287°N 122.1024°W
161,Palmdale,California,"157,356","152,750",+3.02%,106.0 sq mi,274.5 km2,"1,484/sq mi",573/km2,34°35′28″N 118°06′19″W﻿ / ﻿34.5910°N 118.1054°W
162,Salinas,California,"157,218","150,441",+4.50%,23.6 sq mi,61.1 km2,"6,662/sq mi","2,572/km2",36°41′25″N 121°38′01″W﻿ / ﻿36.6902°N 121.6337°W
163,Alexandria[16],Virginia,"155,810","139,966",+11.32%,15.0 sq mi,38.8 km2,"10,387/sq mi","4,010/km2",38°49′12″N 77°05′03″W﻿ / ﻿38.8201°N 77.0841°W
164,Lakewood,Colorado,"154,393","142,980",+7.98%,42.9 sq mi,111.1 km2,"3,599/sq mi","1,390/km2",39°41′56″N 105°07′03″W﻿ / ﻿39.6989°N 105.1176°W
165,Springfield,Massachusetts,"154,074","153,060",+0.66%,31.9 sq mi,82.6 km2,"4,830/sq mi","1,860/km2",42°06′56″N 72°32′24″W﻿ / ﻿42.1155°N 72.5400°W
166,Pasadena,Texas,"153,351","149,043",+2.89%,43.5 sq mi,112.7 km2,"3,525/sq mi","1,361/km2",29°39′31″N 95°09′02″W﻿ / ﻿29.6586°N 95.1506°W
167,Sunnyvale,California,"152,771","140,081",+9.06%,22.0 sq mi,57.0 km2,"6,944/sq mi","2,681/km2",37°23′09″N 122°01′35″W﻿ / ﻿37.3858°N 122.0263°W
168,Macon[26],Georgia,"152,555","91,351",+67.00%,249.3 sq mi,645.7 km2,612/sq mi,236/km2,32°48′32″N 83°41′39″W﻿ / ﻿32.8088°N 83.6942°W
169,Pomona,California,"152,494","149,058",+2.31%,23.0 sq mi,59.6 km2,"6,630/sq mi","2,560/km2",34°03′31″N 117°45′40″W﻿ / ﻿34.0585°N 117.7611°W
170,Hollywood,Florida,"151,998","140,768",+7.98%,27.3 sq mi,70.7 km2,"5,568/sq mi","2,150/km2",26°01′52″N 80°09′53″W﻿ / ﻿26.0310°N 80.1646°W
171,Kansas City[27],Kansas,"151,709","145,786",+4.06%,124.8 sq mi,323.2 km2,"1,216/sq mi",470/km2,39°07′21″N 94°44′30″W﻿ / ﻿39.1225°N 94.7418°W
172,Escondido,California,"151,613","143,911",+5.35%,37.1 sq mi,96.1 km2,"4,087/sq mi","1,578/km2",33°07′59″N 117°04′26″W﻿ / ﻿33.1331°N 117.0740°W
173,Clarksville,Tennessee,"150,287","132,929",+13.06%,98.3 sq mi,254.6 km2,"1,529/sq mi",590/km2,36°33′59″N 87°20′43″W﻿ / ﻿36.5664°N 87.3452°W
174,Joliet,Illinois,"148,262","147,433",+0.56%,64.4 sq mi,166.8 km2,"2,302/sq mi",889/km2,41°31′04″N 88°08′56″W﻿ / ﻿41.5177°N 88.1488°W
175,Rockford,Illinois,"147,651","152,871",−3.41%,63.5 sq mi,164.5 km2,"2,325/sq mi",898/km2,42°15′32″N 89°03′53″W﻿ / ﻿42.2588°N 89.0646°W
176,Torrance,California,"147,195","145,438",+1.21%,20.5 sq mi,53.1 km2,"7,180/sq mi","2,770/km2",33°50′06″N 118°20′29″W﻿ / ﻿33.8350°N 118.3414°W
177,Naperville,Illinois,"147,122","141,853",+3.71%,38.7 sq mi,100.2 km2,"3,802/sq mi","1,468/km2",41°44′57″N 88°09′43″W﻿ / ﻿41.7492°N 88.1620°W
178,Paterson,New Jersey,"147,000","146,199",+0.55%,8.4 sq mi,21.8 km2,"17,500/sq mi","6,800/km2",40°54′53″N 74°09′46″W﻿ / ﻿40.9148°N 74.1628°W
179,Savannah,Georgia,"146,763","136,286",+7.69%,103.6 sq mi,268.3 km2,"1,417/sq mi",547/km2,32°00′09″N 81°09′13″W﻿ / ﻿32.0025°N 81.1536°W
180,Bridgeport,Connecticut,"145,936","144,229",+1.18%,16.1 sq mi,41.7 km2,"9,064/sq mi","3,500/km2",41°11′15″N 73°11′45″W﻿ / ﻿41.1874°N 73.1958°W
181,Mesquite,Texas,"143,736","139,824",+2.80%,47.2 sq mi,122.2 km2,"3,045/sq mi","1,176/km2",32°45′46″N 96°35′20″W﻿ / ﻿32.7629°N 96.5888°W
182,Killeen,Texas,"143,400","127,921",+12.10%,53.5 sq mi,138.6 km2,"2,680/sq mi","1,030/km2",31°04′40″N 97°43′55″W﻿ / ﻿31.0777°N 97.7320°W
183,Syracuse,New York,"143,378","145,170",−1.23%,25.0 sq mi,64.7 km2,"5,735/sq mi","2,214/km2",43°02′28″N 76°08′37″W﻿ / ﻿43.0410°N 76.1436°W
184,McAllen,Texas,"142,212","129,877",+9.50%,58.4 sq mi,151.3 km2,"2,435/sq mi",940/km2,26°13′56″N 98°14′47″W﻿ / ﻿26.2322°N 98.2464°W
185,Pasadena,California,"142,059","137,122",+3.60%,23.0 sq mi,59.6 km2,"6,176/sq mi","2,385/km2",34°09′38″N 118°08′23″W﻿ / ﻿34.1606°N 118.1396°W
186,Bellevue,Washington,"141,400","122,363",+15.56%,33.5 sq mi,86.8 km2,"4,221/sq mi","1,630/km2",47°35′52″N 122°09′23″W﻿ / ﻿47.5979°N 122.1565°W
187,Fullerton,California,"140,721","135,161",+4.11%,22.4 sq mi,58.0 km2,"6,282/sq mi","2,425/km2",33°53′09″N 117°55′41″W﻿ / ﻿33.8857°N 117.9280°W
188,Orange,California,"140,504","136,416",+3.00%,25.4 sq mi,65.8 km2,"5,532/sq mi","2,136/km2",33°47′13″N 117°51′41″W﻿ / ﻿33.7870°N 117.8613°W
189,Dayton,Ohio,"140,489","141,527",−0.73%,55.7 sq mi,144.3 km2,"2,522/sq mi",974/km2,39°46′39″N 84°11′59″W﻿ / ﻿39.7774°N 84.1996°W
190,Miramar,Florida,"138,449","122,041",+13.44%,29.4 sq mi,76.1 km2,"4,709/sq mi","1,818/km2",25°58′37″N 80°20′09″W﻿ / ﻿25.9770°N 80.3358°W
191,Thornton,Colorado,"136,703","118,772",+15.10%,35.7 sq mi,92.5 km2,"3,829/sq mi","1,478/km2",39°55′10″N 104°56′34″W﻿ / ﻿39.9194°N 104.9428°W
192,West Valley City,Utah,"136,574","129,480",+5.48%,35.5 sq mi,91.9 km2,"3,847/sq mi","1,485/km2",40°41′19″N 112°00′42″W﻿ / ﻿40.6885°N 112.0118°W
193,Olathe,Kansas,"135,473","125,872",+7.63%,60.9 sq mi,157.7 km2,"2,225/sq mi",859/km2,38°53′03″N 94°49′10″W﻿ / ﻿38.8843°N 94.8195°W
194,Hampton[16],Virginia,"135,410","137,436",−1.47%,51.5 sq mi,133.4 km2,"2,629/sq mi","1,015/km2",37°02′53″N 76°17′50″W﻿ / ﻿37.0480°N 76.2971°W
195,Warren,Michigan,"135,125","134,056",+0.80%,34.4 sq mi,89.1 km2,"3,928/sq mi","1,517/km2",42°29′34″N 83°01′30″W﻿ / ﻿42.4929°N 83.0250°W
196,Midland,Texas,"134,610","111,147",+21.11%,74.4 sq mi,192.7 km2,"1,809/sq mi",698/km2,32°01′29″N 102°06′49″W﻿ / ﻿32.0246°N 102.1135°W
197,Waco,Texas,"134,432","124,805",+7.71%,89.0 sq mi,230.5 km2,"1,510/sq mi",580/km2,31°33′36″N 97°11′10″W﻿ / ﻿31.5601°N 97.1860°W
198,Charleston,South Carolina,"134,385","120,083",+11.91%,109.0 sq mi,282.3 km2,"1,233/sq mi",476/km2,32°49′04″N 79°57′32″W﻿ / ﻿32.8179°N 79.9590°W
199,Columbia,South Carolina,"134,309","129,272",+3.90%,133.5 sq mi,345.8 km2,"1,006/sq mi",388/km2,34°01′45″N 80°53′53″W﻿ / ﻿34.0291°N 80.8980°W
200,Denton,Texas,"133,808","113,383",+18.01%,93.4 sq mi,241.9 km2,"1,433/sq mi",553/km2,33°13′00″N 97°08′29″W﻿ / ﻿33.2166°N 97.1414°W
201,Carrollton,Texas,"133,351","119,097",+11.97%,36.3 sq mi,94.0 km2,"3,674/sq mi","1,419/km2",32°59′18″N 96°53′59″W﻿ / ﻿32.9884°N 96.8998°W
202,Surprise,Arizona,"132,677","117,517",+12.90%,107.9 sq mi,279.5 km2,"1,230/sq mi",470/km2,33°40′14″N 112°27′10″W﻿ / ﻿33.6706°N 112.4527°W
203,Roseville,California,"132,671","118,788",+11.69%,43.0 sq mi,111.4 km2,"3,085/sq mi","1,191/km2",38°46′08″N 121°19′08″W﻿ / ﻿38.7690°N 121.3189°W
204,Sterling Heights,Michigan,"132,427","129,699",+2.10%,36.5 sq mi,94.5 km2,"3,628/sq mi","1,401/km2",42°34′52″N 83°01′49″W﻿ / ﻿42.5812°N 83.0303°W
205,Murfreesboro,Tennessee,"131,947","108,755",+21.32%,55.9 sq mi,144.8 km2,"2,360/sq mi",910/km2,35°51′08″N 86°24′58″W﻿ / ﻿35.8522°N 86.4160°W
206,Gainesville,Florida,"131,591","124,354",+5.82%,62.3 sq mi,161.4 km2,"2,112/sq mi",815/km2,29°40′44″N 82°20′46″W﻿ / ﻿29.6788°N 82.3461°W
207,Cedar Rapids,Iowa,"131,127","126,326",+3.80%,70.8 sq mi,183.4 km2,"1,852/sq mi",715/km2,41°58′01″N 91°40′40″W﻿ / ﻿41.9670°N 91.6778°W
208,Visalia,California,"131,074","124,442",+5.33%,37.5 sq mi,97.1 km2,"3,495/sq mi","1,349/km2",36°19′38″N 119°19′44″W﻿ / ﻿36.3273°N 119.3289°W
209,Coral Springs,Florida,"130,059","121,096",+7.40%,23.8 sq mi,61.6 km2,"5,465/sq mi","2,110/km2",26°16′15″N 80°15′33″W﻿ / ﻿26.2707°N 80.2593°W
210,New Haven,Connecticut,"129,934","129,779",+0.12%,18.7 sq mi,48.4 km2,"6,948/sq mi","2,683/km2",41°18′39″N 72°55′30″W﻿ / ﻿41.3108°N 72.9250°W
211,Stamford,Connecticut,"129,113","122,643",+5.28%,37.6 sq mi,97.4 km2,"3,434/sq mi","1,326/km2",41°04′48″N 73°32′46″W﻿ / ﻿41.0799°N 73.5460°W
212,Thousand Oaks,California,"128,888","126,683",+1.74%,55.2 sq mi,143.0 km2,"2,335/sq mi",902/km2,34°11′36″N 118°52′27″W﻿ / ﻿34.1933°N 118.8742°W
213,Concord,California,"128,726","122,067",+5.46%,30.5 sq mi,79.0 km2,"4,221/sq mi","1,630/km2",37°58′20″N 122°00′06″W﻿ / ﻿37.9722°N 122.0016°W
214,Elizabeth,New Jersey,"128,640","124,969",+2.94%,12.3 sq mi,31.9 km2,"10,459/sq mi","4,038/km2",40°39′59″N 74°11′37″W﻿ / ﻿40.6664°N 74.1935°W
215,Lafayette[28],Louisiana,"127,626","120,623",+5.81%,53.8 sq mi,139.3 km2,"2,372/sq mi",916/km2,30°12′27″N 92°01′43″W﻿ / ﻿30.2074°N 92.0285°W
216,Kent,Washington,"127,514","92,411",+37.99%,33.7 sq mi,87.3 km2,"3,784/sq mi","1,461/km2",47°23′17″N 122°12′46″W﻿ / ﻿47.3880°N 122.2127°W
217,Topeka,Kansas,"126,808","127,473",−0.52%,61.5 sq mi,159.3 km2,"2,062/sq mi",796/km2,39°02′05″N 95°41′46″W﻿ / ﻿39.0347°N 95.6962°W
218,Simi Valley,California,"126,327","124,237",+1.68%,41.5 sq mi,107.5 km2,"3,044/sq mi","1,175/km2",34°16′01″N 118°44′55″W﻿ / ﻿34.2669°N 118.7485°W
219,Santa Clara,California,"125,948","116,468",+8.14%,18.4 sq mi,47.7 km2,"6,845/sq mi","2,643/km2",37°21′53″N 121°58′04″W﻿ / ﻿37.3646°N 121.9679°W
220,Athens[29],Georgia,"123,371","115,452",+6.86%,116.4 sq mi,301.5 km2,"1,060/sq mi",410/km2,33°56′59″N 83°22′12″W﻿ / ﻿33.9496°N 83.3701°W
221,Hartford,Connecticut,"123,243","124,775",−1.23%,17.4 sq mi,45.1 km2,"7,083/sq mi","2,735/km2",41°45′57″N 72°40′54″W﻿ / ﻿41.7659°N 72.6816°W
222,Victorville,California,"122,265","115,903",+5.49%,73.3 sq mi,189.8 km2,"1,668/sq mi",644/km2,34°31′40″N 117°21′13″W﻿ / ﻿34.5277°N 117.3536°W
223,Abilene,Texas,"122,225","117,063",+4.41%,106.7 sq mi,276.4 km2,"1,146/sq mi",442/km2,32°27′16″N 99°44′17″W﻿ / ﻿32.4545°N 99.7381°W
224,Norman,Oklahoma,"122,180","110,925",+10.15%,178.8 sq mi,463.1 km2,683/sq mi,264/km2,35°14′26″N 97°20′43″W﻿ / ﻿35.2406°N 97.3453°W
225,Vallejo,California,"121,299","115,942",+4.62%,30.7 sq mi,79.5 km2,"3,951/sq mi","1,525/km2",38°06′28″N 122°15′50″W﻿ / ﻿38.1079°N 122.2640°W
226,Berkeley,California,"121,240","112,580",+7.69%,10.5 sq mi,27.2 km2,"11,547/sq mi","4,458/km2",37°52′01″N 122°17′57″W﻿ / ﻿37.8670°N 122.2991°W
227,Round Rock,Texas,"120,892","99,887",+21.03%,35.6 sq mi,92.2 km2,"3,396/sq mi","1,311/km2",30°31′31″N 97°39′58″W﻿ / ﻿30.5252°N 97.6660°W
228,Ann Arbor,Michigan,"120,782","113,934",+6.01%,28.1 sq mi,72.8 km2,"4,298/sq mi","1,659/km2",42°16′34″N 83°43′51″W﻿ / ﻿42.2761°N 83.7309°W
229,Fargo,North Dakota,"120,762","105,549",+14.41%,49.3 sq mi,127.7 km2,"2,450/sq mi",950/km2,46°51′55″N 96°49′44″W﻿ / ﻿46.8652°N 96.8290°W
230,Columbia,Missouri,"120,612","108,500",+11.16%,65.0 sq mi,168.3 km2,"1,856/sq mi",717/km2,38°56′50″N 92°19′35″W﻿ / ﻿38.9473°N 92.3264°W
231,Allentown,Pennsylvania,"120,443","118,032",+2.04%,17.5 sq mi,45.3 km2,"6,882/sq mi","2,657/km2",40°35′37″N 75°28′42″W﻿ / ﻿40.5936°N 75.4784°W
232,Evansville,Indiana,"119,477","117,429",+1.74%,47.3 sq mi,122.5 km2,"2,526/sq mi",975/km2,37°59′16″N 87°32′05″W﻿ / ﻿37.9877°N 87.5347°W
233,Beaumont,Texas,"118,299","118,296",0.00%,82.1 sq mi,212.6 km2,"1,441/sq mi",556/km2,30°05′06″N 94°08′43″W﻿ / ﻿30.0849°N 94.1453°W
234,Odessa,Texas,"117,871","99,940",+17.94%,45.2 sq mi,117.1 km2,"2,608/sq mi","1,007/km2",31°53′02″N 102°20′28″W﻿ / ﻿31.8838°N 102.3411°W
235,Wilmington,North Carolina,"117,525","106,476",+10.38%,51.6 sq mi,133.6 km2,"2,278/sq mi",880/km2,34°12′33″N 77°53′09″W﻿ / ﻿34.2092°N 77.8858°W
236,Arvada,Colorado,"117,453","106,433",+10.35%,38.6 sq mi,100.0 km2,"3,043/sq mi","1,175/km2",39°50′01″N 105°09′01″W﻿ / ﻿39.8337°N 105.1503°W
237,Independence,Missouri,"117,030","116,830",+0.17%,77.8 sq mi,201.5 km2,"1,504/sq mi",581/km2,39°05′08″N 94°21′08″W﻿ / ﻿39.0855°N 94.3521°W
238,Provo,Utah,"116,868","112,488",+3.89%,41.7 sq mi,108.0 km2,"2,803/sq mi","1,082/km2",40°14′43″N 111°38′41″W﻿ / ﻿40.2453°N 111.6448°W
239,Lansing,Michigan,"116,020","114,297",+1.51%,39.1 sq mi,101.3 km2,"2,967/sq mi","1,146/km2",42°42′51″N 84°33′33″W﻿ / ﻿42.7143°N 84.5593°W
240,El Monte,California,"115,807","113,475",+2.06%,9.6 sq mi,24.9 km2,"12,063/sq mi","4,658/km2",34°04′29″N 118°01′45″W﻿ / ﻿34.0746°N 118.0291°W
241,Springfield,Illinois,"115,715","116,250",−0.46%,60.1 sq mi,155.7 km2,"1,925/sq mi",743/km2,39°47′28″N 89°38′41″W﻿ / ﻿39.7911°N 89.6446°W
242,Fairfield,California,"114,756","105,321",+8.96%,40.9 sq mi,105.9 km2,"2,806/sq mi","1,083/km2",38°15′33″N 122°01′56″W﻿ / ﻿38.2593°N 122.0321°W
243,Clearwater,Florida,"114,361","107,685",+6.20%,25.9 sq mi,67.1 km2,"4,415/sq mi","1,705/km2",27°58′44″N 82°46′00″W﻿ / ﻿27.9789°N 82.7666°W
244,Peoria,Illinois,"114,265","115,007",−0.65%,48.2 sq mi,124.8 km2,"2,371/sq mi",915/km2,40°45′05″N 89°37′03″W﻿ / ﻿40.7515°N 89.6174°W
245,Rochester,Minnesota,"114,011","106,769",+6.78%,54.6 sq mi,141.4 km2,"2,088/sq mi",806/km2,44°00′55″N 92°28′38″W﻿ / ﻿44.0154°N 92.4772°W
246,Carlsbad,California,"113,952","105,328",+8.19%,37.7 sq mi,97.6 km2,"3,023/sq mi","1,167/km2",33°07′26″N 117°16′58″W﻿ / ﻿33.1239°N 117.2828°W
247,Westminster,Colorado,"113,875","106,114",+7.31%,31.7 sq mi,82.1 km2,"3,592/sq mi","1,387/km2",39°52′56″N 105°03′52″W﻿ / ﻿39.8822°N 105.0644°W
248,West Jordan,Utah,"113,699","103,712",+9.63%,32.3 sq mi,83.7 km2,"3,520/sq mi","1,360/km2",40°36′09″N 112°00′03″W﻿ / ﻿40.6024°N 112.0008°W
249,Pearland,Texas,"113,570","91,252",+24.46%,46.3 sq mi,119.9 km2,"2,453/sq mi",947/km2,29°33′21″N 95°19′23″W﻿ / ﻿29.5558°N 95.3231°W
250,Richardson,Texas,"113,347","99,223",+14.23%,28.6 sq mi,74.1 km2,"3,963/sq mi","1,530/km2",32°58′20″N 96°42′29″W﻿ / ﻿32.9723°N 96.7081°W
251,Downey,California,"113,267","111,772",+1.34%,12.4 sq mi,32.1 km2,"9,134/sq mi","3,527/km2",33°56′18″N 118°07′51″W﻿ / ﻿33.9382°N 118.1309°W
252,Miami Gardens,Florida,"113,058","107,167",+5.50%,18.2 sq mi,47.1 km2,"6,212/sq mi","2,398/km2",25°56′56″N 80°14′37″W﻿ / ﻿25.9489°N 80.2436°W
253,Temecula,California,"113,054","100,097",+12.94%,37.3 sq mi,96.6 km2,"3,031/sq mi","1,170/km2",33°29′35″N 117°07′54″W﻿ / ﻿33.4931°N 117.1317°W
254,Costa Mesa,California,"112,822","109,960",+2.60%,15.7 sq mi,40.7 km2,"7,186/sq mi","2,775/km2",33°39′57″N 117°54′44″W﻿ / ﻿33.6659°N 117.9123°W
255,College Station,Texas,"112,141","93,857",+19.48%,51.0 sq mi,132.1 km2,"2,199/sq mi",849/km2,30°35′07″N 96°17′47″W﻿ / ﻿30.5852°N 96.2964°W
256,Elgin,Illinois,"112,123","108,188",+3.64%,37.4 sq mi,96.9 km2,"2,998/sq mi","1,158/km2",42°02′23″N 88°19′18″W﻿ / ﻿42.0396°N 88.3217°W
257,Murrieta,California,"111,674","103,466",+7.93%,33.6 sq mi,87.0 km2,"3,324/sq mi","1,283/km2",33°34′20″N 117°11′25″W﻿ / ﻿33.5721°N 117.1904°W
258,Gresham,Oregon,"111,523","105,594",+5.61%,23.3 sq mi,60.3 km2,"4,786/sq mi","1,848/km2",45°30′08″N 122°26′30″W﻿ / ﻿45.5023°N 122.4416°W
259,High Point,North Carolina,"111,223","104,371",+6.57%,55.2 sq mi,143.0 km2,"2,015/sq mi",778/km2,35°59′24″N 79°59′26″W﻿ / ﻿35.9900°N 79.9905°W
260,Antioch,California,"110,898","102,372",+8.33%,29.4 sq mi,76.1 km2,"3,772/sq mi","1,456/km2",37°58′45″N 121°47′46″W﻿ / ﻿37.9791°N 121.7962°W
261,Inglewood,California,"110,654","109,673",+0.89%,9.1 sq mi,23.6 km2,"12,160/sq mi","4,700/km2",33°57′22″N 118°20′39″W﻿ / ﻿33.9561°N 118.3443°W
262,Cambridge,Massachusetts,"110,651","105,162",+5.22%,6.4 sq mi,16.6 km2,"17,289/sq mi","6,675/km2",42°22′34″N 71°07′07″W﻿ / ﻿42.3760°N 71.1187°W
263,Lowell,Massachusetts,"110,558","106,519",+3.79%,13.6 sq mi,35.2 km2,"8,129/sq mi","3,139/km2",42°38′20″N 71°19′16″W﻿ / ﻿42.6390°N 71.3211°W
264,Manchester,New Hampshire,"110,506","109,565",+0.86%,33.1 sq mi,85.7 km2,"3,339/sq mi","1,289/km2",42°59′06″N 71°26′39″W﻿ / ﻿42.9849°N 71.4441°W
265,Billings,Montana,"110,323","104,170",+5.91%,43.7 sq mi,113.2 km2,"2,525/sq mi",975/km2,45°47′19″N 108°33′00″W﻿ / ﻿45.7885°N 108.5499°W
266,Pueblo,Colorado,"110,291","106,595",+3.47%,53.6 sq mi,138.8 km2,"2,058/sq mi",795/km2,38°16′12″N 104°36′44″W﻿ / ﻿38.2699°N 104.6123°W
267,Palm Bay,Florida,"110,104","103,190",+6.70%,65.7 sq mi,170.2 km2,"1,676/sq mi",647/km2,27°59′08″N 80°39′45″W﻿ / ﻿27.9856°N 80.6626°W
268,Centennial,Colorado,"109,932","100,377",+9.52%,29.5 sq mi,76.4 km2,"3,727/sq mi","1,439/km2",39°35′26″N 104°52′09″W﻿ / ﻿39.5906°N 104.8691°W
269,Richmond,California,"109,813","103,701",+5.89%,30.1 sq mi,78.0 km2,"3,648/sq mi","1,409/km2",37°57′08″N 122°21′38″W﻿ / ﻿37.9523°N 122.3606°W
270,Ventura[30],California,"109,592","106,433",+2.97%,21.8 sq mi,56.5 km2,"5,027/sq mi","1,941/km2",34°16′04″N 119°15′15″W﻿ / ﻿34.2678°N 119.2542°W
271,Pompano Beach,Florida,"109,393","99,845",+9.56%,24.0 sq mi,62.2 km2,"4,558/sq mi","1,760/km2",26°14′30″N 80°08′02″W﻿ / ﻿26.2416°N 80.1339°W
272,North Charleston,South Carolina,"109,298","97,471",+12.13%,73.7 sq mi,190.9 km2,"1,483/sq mi",573/km2,32°55′04″N 80°03′54″W﻿ / ﻿32.9178°N 80.0650°W
273,Everett,Washington,"109,043","103,019",+5.85%,33.3 sq mi,86.2 km2,"3,275/sq mi","1,264/km2",47°57′24″N 122°11′29″W﻿ / ﻿47.9566°N 122.1914°W
274,Waterbury,Connecticut,"108,272","110,366",−1.90%,28.5 sq mi,73.8 km2,"3,799/sq mi","1,467/km2",41°33′31″N 73°02′12″W﻿ / ﻿41.5585°N 73.0367°W
275,West Palm Beach,Florida,"108,161","99,919",+8.25%,55.1 sq mi,142.7 km2,"1,963/sq mi",758/km2,26°44′47″N 80°07′30″W﻿ / ﻿26.7464°N 80.1251°W
276,Boulder,Colorado,"108,090","97,385",+10.99%,24.8 sq mi,64.2 km2,"4,358/sq mi","1,683/km2",40°01′37″N 105°15′07″W﻿ / ﻿40.0270°N 105.2519°W
277,West Covina,California,"107,847","106,098",+1.65%,16.0 sq mi,41.4 km2,"6,740/sq mi","2,600/km2",34°03′21″N 117°54′36″W﻿ / ﻿34.0559°N 117.9099°W
278,Broken Arrow,Oklahoma,"107,403","98,850",+8.65%,61.7 sq mi,159.8 km2,"1,741/sq mi",672/km2,36°02′11″N 95°46′52″W﻿ / ﻿36.0365°N 95.7810°W
279,Clovis,California,"106,583","95,631",+11.45%,24.2 sq mi,62.7 km2,"4,404/sq mi","1,700/km2",36°49′42″N 119°41′06″W﻿ / ﻿36.8282°N 119.6849°W
280,Daly City,California,"106,472","101,123",+5.29%,7.6 sq mi,19.7 km2,"14,009/sq mi","5,409/km2",37°42′03″N 122°27′54″W﻿ / ﻿37.7009°N 122.4650°W
281,Lakeland,Florida,"106,420","97,422",+9.24%,65.9 sq mi,170.7 km2,"1,615/sq mi",624/km2,28°03′20″N 81°57′18″W﻿ / ﻿28.0555°N 81.9549°W
282,Santa Maria,California,"106,290","99,553",+6.77%,22.8 sq mi,59.1 km2,"4,662/sq mi","1,800/km2",34°56′00″N 120°26′38″W﻿ / ﻿34.9332°N 120.4438°W
283,Norwalk,California,"106,178","105,549",+0.60%,9.7 sq mi,25.1 km2,"10,946/sq mi","4,226/km2",33°54′27″N 118°05′01″W﻿ / ﻿33.9076°N 118.0835°W
284,Sandy Springs,Georgia,"105,703","93,853",+12.63%,37.7 sq mi,97.6 km2,"2,804/sq mi","1,083/km2",33°55′53″N 84°22′07″W﻿ / ﻿33.9315°N 84.3687°W
285,Hillsboro,Oregon,"105,164","91,611",+14.79%,25.0 sq mi,64.7 km2,"4,207/sq mi","1,624/km2",45°31′41″N 122°56′09″W﻿ / ﻿45.5280°N 122.9357°W
286,Green Bay,Wisconsin,"105,139","104,057",+1.04%,45.4 sq mi,117.6 km2,"2,316/sq mi",894/km2,44°31′15″N 87°59′03″W﻿ / ﻿44.5207°N 87.9842°W
287,Tyler,Texas,"104,798","96,900",+8.15%,56.6 sq mi,146.6 km2,"1,852/sq mi",715/km2,32°19′02″N 95°18′21″W﻿ / ﻿32.3173°N 95.3059°W
288,Wichita Falls,Texas,"104,724","104,553",+0.16%,72.2 sq mi,187.0 km2,"1,450/sq mi",560/km2,33°54′24″N 98°31′33″W﻿ / ﻿33.9067°N 98.5259°W
289,Lewisville,Texas,"104,659","95,290",+9.83%,36.7 sq mi,95.1 km2,"2,852/sq mi","1,101/km2",33°02′48″N 96°58′54″W﻿ / ﻿33.0466°N 96.9818°W
290,Burbank,California,"104,447","103,340",+1.07%,17.4 sq mi,45.1 km2,"6,003/sq mi","2,318/km2",34°11′24″N 118°19′35″W﻿ / ﻿34.1901°N 118.3264°W
291,Greeley,Colorado,"103,990","92,889",+11.95%,47.8 sq mi,123.8 km2,"2,176/sq mi",840/km2,40°24′55″N 104°46′11″W﻿ / ﻿40.4153°N 104.7697°W
292,San Mateo,California,"103,959","97,207",+6.95%,12.1 sq mi,31.3 km2,"8,592/sq mi","3,317/km2",37°33′37″N 122°18′38″W﻿ / ﻿37.5603°N 122.3106°W
293,El Cajon,California,"103,768","99,478",+4.31%,14.5 sq mi,37.6 km2,"7,156/sq mi","2,763/km2",32°48′06″N 116°57′37″W﻿ / ﻿32.8017°N 116.9604°W
294,Jurupa Valley,California,"103,541",0,NA[31],42.9 sq mi,111.1 km2,"2,414/sq mi",932/km2,34°00′09″N 117°28′03″W﻿ / ﻿34.0026°N 117.4676°W
295,Rialto,California,"103,314","99,171",+4.18%,22.3 sq mi,57.8 km2,"4,633/sq mi","1,789/km2",34°06′42″N 117°23′18″W﻿ / ﻿34.1118°N 117.3883°W
296,Davenport,Iowa,"102,612","99,685",+2.94%,62.9 sq mi,162.9 km2,"1,631/sq mi",630/km2,41°33′15″N 90°36′14″W﻿ / ﻿41.5541°N 90.6040°W
297,League City,Texas,"102,010","83,560",+22.08%,51.2 sq mi,132.6 km2,"1,992/sq mi",769/km2,29°29′24″N 95°06′33″W﻿ / ﻿29.4901°N 95.1091°W
298,Edison[32],New Jersey,"101,996","99,967",+2.03%,30.1 sq mi,78.0 km2,"3,389/sq mi","1,309/km2",40°30′14″N 74°20′58″W﻿ / ﻿40.5040°N 74.3494°W
299,Davie[33],Florida,"101,871","91,992",+10.74%,34.9 sq mi,90.4 km2,"2,919/sq mi","1,127/km2",26°04′45″N 80°17′06″W﻿ / ﻿26.0791°N 80.2850°W
300,Las Cruces,New Mexico,"101,759","97,618",+4.24%,76.9 sq mi,199.2 km2,"1,323/sq mi",511/km2,32°19′35″N 106°47′23″W﻿ / ﻿32.3264°N 106.7897°W
301,South Bend,Indiana,"101,735","101,168",+0.56%,41.4 sq mi,107.2 km2,"2,457/sq mi",949/km2,41°40′37″N 86°16′08″W﻿ / ﻿41.6769°N 86.2690°W
302,Vista,California,"101,659","93,834",+8.34%,18.7 sq mi,48.4 km2,"5,436/sq mi","2,099/km2",33°11′22″N 117°14′19″W﻿ / ﻿33.1895°N 117.2386°W
303,Woodbridge[32],New Jersey,"101,389","99,585",+1.81%,23.3 sq mi,60.3 km2,"4,351/sq mi","1,680/km2",40°33′39″N 74°17′34″W﻿ / ﻿40.5607°N 74.2927°W
304,Renton,Washington,"100,953","90,927",+11.03%,23.4 sq mi,60.6 km2,"4,314/sq mi","1,666/km2",47°28′34″N 122°11′31″W﻿ / ﻿47.4761°N 122.1920°W
305,Lakewood[32],New Jersey,"100,758","92,843",+8.53%,24.7 sq mi,64.0 km2,"4,079/sq mi","1,575/km2",40°04′38″N 74°12′01″W﻿ / ﻿40.0771°N 74.2004°W
306,San Angelo,Texas,"100,702","93,200",+8.05%,59.9 sq mi,155.1 km2,"1,681/sq mi",649/km2,31°26′28″N 100°27′02″W﻿ / ﻿31.4411°N 100.4505°W
307,Clinton[34],Michigan,"100,392","96,796",+3.72%,28.1 sq mi,72.8 km2,"3,573/sq mi","1,380/km2",42°35′25″N 82°55′01″W﻿ / ﻿42.5903°N 82.9170°W
